{
	"pages": [ //pages数组中第一项表示应用启动页，参考：https://uniapp.dcloud.io/collocation/pages
		{
			"path": "pages/home/main",
			"style": {
				"navigationBarTitleText": "优购"
			}
		},
		{
			"path": "pages/category/main",
			"style": {
				"navigationBarTitleText": "分类"
			}
		},
		{
			"path": "pages/cart/main",
			"style": {
				"navigationBarTitleText": "购物车"
			}
		},
		{
			"path": "pages/me/main",
			"style": {
				"navigationBarTitleText": "我的"
			}
		},
		{
			"path": "pages/item/main",
			"style": {
				"navigationBarTitleText": "商品详情"
			}
		},
		{
			"path": "pages/login/main",
			"style": {
				"navigationBarTitleText": "登录"
			}
		},
		{
			"path": "pages/order/main",
			"style": {
				"navigationBarTitleText": "订单列表"
			}
		},
		{
			"path": "pages/order_detail/main",
			"style": {
				"navigationBarTitleText": "订单详情"
			}
		},
		
		{
			"path": "pages/order_result/main",
			"style": {
				"navigationBarTitleText": "订单结果"
			}
		},
		{
			"path": "pages/pay/main",
			"style": {
				"navigationBarTitleText": "支付"
			}
		},
		{
			"path": "pages/search/main",
			"style": {
				"navigationBarTitleText": "搜索"
			}
		},
		{
			"path": "pages/search_list/main",
			"style": {
				"navigationBarTitleText": "搜索列表",
				"enablePullDownRefresh": true,
				"backgroundColor": "#eee",
				"backgroundTextStyle": "dark",
				"onReachBottomDistance":50
			}
		}
	],
	"globalStyle": {
		"backgroundTextStyle": "light",
		"navigationBarTitleText": "",
		"navigationBarBackgroundColor": "#eb4450",
		"navigationBarTextStyle": "white"
	},
	"tabBar": {
	  "color": "#333",
	  "selectedColor": "#eb4450",
	  "list": [
	    {
	      "pagePath": "pages/home/main",
	      "text": "首页",
	      "iconPath":"/static/tabs/icon_home@3x.png",
	      "selectedIconPath":"/static/tabs/icon_home_active@3x.png"
	    },
	    {
	      "pagePath": "pages/category/main",
	      "text": "分类",
	      "iconPath": "/static/tabs/icon_category@3x.png",
	      "selectedIconPath": "/static/tabs/icon_category_active@3x.png"
	    },
	    {
	      "pagePath": "pages/cart/main",
	      "text": "购物车",
	      "iconPath": "/static/tabs/icon_cart@3x.png",
	      "selectedIconPath": "/static/tabs/icon_cart_active@3x.png"
	    },
	    {
	      "pagePath": "pages/me/main",
	      "text": "我的",
	      "iconPath": "/static/tabs/icon_me@3x.png",
	      "selectedIconPath": "/static/tabs/icon_me_active@3x.png"
	    }
	  ]
	}
}
