{
	"pages": [ //pages数组中第一项表示应用启动页，参考：https://uniapp.dcloud.io/collocation/pages
		{
			"path": "pages/home/home",
			"style": {}
		}, {
			"path": "pages/category/category",
			"style": {
				"navigationBarTitleText": "分类"
			}
		}, {
			"path": "pages/cart/cart",
			"style": {
				"navigationBarTitleText": "购物车"
			}
		}, {
			"path": "pages/me/me",
			"style": {
				"navigationBarTitleText": "我的"
			}
		}, {
			"path": "pages/search_list/search_list",
			"style": {
				"navigationBarTitleText": "搜索列表",
				"enablePullDownRefresh": true,
				"onReachBottomDistance": 50
			}
		}, {
			"path": "pages/item/item",
			"style": {
				"navigationBarTitleText": "商品详情"
			}
		}, {
			"path": "pages/search/search",
			"style": {
				"navigationBarTitleText": "搜索"
			}
		},
		{
			"path": "pages/login/login",
			"style": {
				"navigationBarTitleText": "登录"
			}
		}, {
			"path": "pages/pay/pay",
			"style": {
				"navigationBarTitleText": "支付"
			}
		}, {
			"path": "pages/order_result/order_result",
			"style": {
				"navigationBarTitleText": "订单结果"
			}
		},
		{
			"path": "pages/order_list/order_list",
			"style": {
				"navigationBarTitleText": "订单结果"
			}
		},
		{
			"path": "pages/order_detail/order_detail",
			"style": {
				"navigationBarTitleText": "订单结果"
			}
		}
	],
	"globalStyle": {
		"navigationBarTitleText": "优购",
		"backgroundColor": "#F8F8F8",
		"navigationBarTextStyle": "white",
		"navigationBarBackgroundColor": "#eb4450"
	},
	"tabBar": {
		"color": "#333",
		"selectedColor": "#eb4450",
		"list": [{
				"pagePath": "pages/home/home",
				"text": "首页",
				"iconPath": "/static/tabs/icon_home@3x.png",
				"selectedIconPath": "/static/tabs/icon_home_active@3x.png"
			},
			{
				"pagePath": "pages/category/category",
				"text": "分类",
				"iconPath": "/static/tabs/icon_category@3x.png",
				"selectedIconPath": "/static/tabs/icon_category_active@3x.png"
			},
			{
				"pagePath": "pages/cart/cart",
				"text": "购物车",
				"iconPath": "/static/tabs/icon_cart@3x.png",
				"selectedIconPath": "/static/tabs/icon_cart_active@3x.png"
			},
			{
				"pagePath": "pages/me/me",
				"text": "我的",
				"iconPath": "/static/tabs/icon_me@3x.png",
				"selectedIconPath": "/static/tabs/icon_me_active@3x.png"
			}
		]
	}
}
